{"cameraMode":{"drawMode":0,"name":"Shaded","section":"Shading Mode"},"sceneLighting":false,"audioPlay":false,"sceneViewState":{"showFog":true,"showMaterialUpdate":false,"showSkybox":true,"showFlares":true,"showImageEffects":true,"showParticleSystems":true},"in2DMode":false,"pivot":{"x":-7.748603820800781e-7,"y":-0.3999999463558197,"z":-5.364418029785156e-7},"rotation":{"x":-0.05989370122551918,"y":0.8431893587112427,"z":0.09599626064300537,"w":0.5255751013755798},"size":2.680939197540283,"orthographic":false}