{"cameraMode":{"drawMode":0,"name":"Shaded","section":"Shading Mode"},"sceneLighting":false,"audioPlay":false,"sceneViewState":{"showFog":true,"showMaterialUpdate":false,"showSkybox":true,"showFlares":true,"showImageEffects":true,"showParticleSystems":true},"in2DMode":false,"pivot":{"x":2.9802322387695315e-8,"y":0.1000000387430191,"z":-4.470348358154297e-8},"rotation":{"x":0.010809632018208504,"y":-0.0020972508937120439,"z":0.000022659647584077902,"w":0.9999393820762634},"size":4.06253719329834,"orthographic":false}