{"cameraMode":{"drawMode":0,"name":"Shaded","section":"Shading Mode"},"sceneLighting":false,"audioPlay":false,"sceneViewState":{"showFog":true,"showMaterialUpdate":false,"showSkybox":true,"showFlares":true,"showImageEffects":true,"showParticleSystems":true},"in2DMode":false,"pivot":{"x":7.693846702575684,"y":5.153306007385254,"z":-7.117105484008789},"rotation":{"x":0.12110647559165955,"y":-0.4767427146434784,"z":0.06650663912296295,"w":0.8681166172027588},"size":6.523401737213135,"orthographic":false}