{"cameraMode":{"drawMode":0,"name":"Shaded","section":"Shading Mode"},"sceneLighting":false,"audioPlay":false,"sceneViewState":{"showFog":true,"showMaterialUpdate":false,"showSkybox":true,"showFlares":true,"showImageEffects":true,"showParticleSystems":true},"in2DMode":false,"pivot":{"x":5.648042678833008,"y":9.781347274780274,"z":9.847991943359375},"rotation":{"x":0.04528402164578438,"y":0.006291532423347235,"z":-0.0002789379213936627,"w":0.9989543557167053},"size":0.7090529799461365,"orthographic":true}