{"cameraMode":{"drawMode":0,"name":"Shaded","section":"Shading Mode"},"sceneLighting":false,"audioPlay":false,"sceneViewState":{"showFog":true,"showMaterialUpdate":false,"showSkybox":true,"showFlares":true,"showImageEffects":true,"showParticleSystems":true},"in2DMode":false,"pivot":{"x":0.003539636731147766,"y":-0.25694870948791506,"z":-0.06140366196632385},"rotation":{"x":-0.151624396443367,"y":0.11771996319293976,"z":-0.01817401871085167,"w":-0.9812348484992981},"size":3.037243127822876,"orthographic":false}