{"cameraMode":{"drawMode":0,"name":"Shaded","section":"Shading Mode"},"sceneLighting":false,"audioPlay":false,"sceneViewState":{"showFog":true,"showMaterialUpdate":false,"showSkybox":true,"showFlares":true,"showImageEffects":true,"showParticleSystems":true},"in2DMode":false,"pivot":{"x":8.644229888916016,"y":-13.525230407714844,"z":-10.678085327148438},"rotation":{"x":0.016781803220510484,"y":0.9181442260742188,"z":-0.3939514756202698,"w":0.03913873806595802},"size":40.416587829589847,"orthographic":false}