{"cameraMode":{"drawMode":0,"name":"Shaded","section":"Shading Mode"},"sceneLighting":false,"audioPlay":false,"sceneViewState":{"showFog":true,"showMaterialUpdate":false,"showSkybox":true,"showFlares":true,"showImageEffects":true,"showParticleSystems":true},"in2DMode":false,"pivot":{"x":5.312329292297363,"y":6.944375991821289,"z":9.266603469848633},"rotation":{"x":0.02851182408630848,"y":-0.00959788728505373,"z":0.0002660142199601978,"w":0.9995474219322205},"size":14.927164077758789,"orthographic":false}