{"cameraMode":{"drawMode":0,"name":"Shaded","section":"Shading Mode"},"sceneLighting":true,"audioPlay":false,"sceneViewState":{"showFog":true,"showMaterialUpdate":false,"showSkybox":true,"showFlares":true,"showImageEffects":true,"showParticleSystems":true},"in2DMode":false,"pivot":{"x":10.285308837890625,"y":-11.283010482788086,"z":162.8292236328125},"rotation":{"x":0.06706538051366806,"y":0.6459670662879944,"z":-0.0571356937289238,"w":0.7582640647888184},"size":96.90534210205078,"orthographic":false}